text,label
Has Croatia even hold the ball for 10 seconds,conversational exchange
Lmao instant response,conversational exchange
More just like the idea that probably the best all out striker of all time is gonna accept playing at Preston and QPR for a season.,unsupported take
"They aren't really stupid, they have just never been held accountable and hence dont believe the same rules apply to them. Or they can always pay their way out of it.",reasoned contribution
Very interested to hear what equipment a hotel has that the stadium lacks.,conversational exchange
"This is what the doc says: 

over 90% of their money wasn't legit.. wow

|Year|Total recorded sponsorship fees (£m)|Base fees paid by AD sponsors (£m)|Tagged sums paid by ADUG (£m)|
|:-|:-|:-|:-|
|2009/10|27.0|4.5|22.5|
|2010/11|41.25|12.75|28.5|
|2011/12|86.75|16.0|70.75|
|2012/13|121.75|16.0|105.75|
|2013/14|127.5|16.0|111.5|
|2014/15|123.2|16.0|107.2|
|2015/16|136.17|16.0|120.17|
|2016/17|140.59|11.0|129.59|
|2017/18|145.73|11.0|134.73|",reasoned contribution
"A good way to fuck up a relationship with a player is following the contract to the letter. They're human, this is a very very very very special occasion and Argentineans tend to really give a fuck about anything related to the NT. Also, it's both of this guys idol. It's a stupid ass game, not even I care about it but it means way more to the players.

I hope this pisses Dybala off enough so he comes to Boca lol",reasoned contribution
"Think I learned about age 10 not to make that foul when wrong side on a player running through on goal in the 8th minute


Jack Hendry not quite there yet. Get him so far to fuck",reasoned contribution
True!,conversational exchange
He needs to grow up. lol. Throwing a hissy fit because he’s not getting playing time lol,reasoned contribution
"I had this discussion with some of my friends a while back. Without messing the promotion/relegation process, City either has to be an auto-relegated team until they reach the lowest possible league or have an insane number of points deducted (ex: 6 points per charge = 690) and those points are carried over to the next season of the lower league. Add multiple season transfer bans, playing matches in closed doors, suspensions of executives. One long shot punishment would be a force sale of City as well as a lifetime ownership ban of ADUG.",reasoned contribution
Why the fuck would you believe the club over the Premier League?! You deserve this for being so naive.,unsupported take
"Outrageous? 

Jesus. You asked about the initial comments claims. The main claim is that city cheated. The first email shows that. I’m worried about you",reasoned contribution
"Unless they changed the rule this summer, that's how it works.

Should have been a red straight away as it was not a ball oriented tackle.",reasoned contribution
"He’s 39 and plays for Pumas in Mexico, wtf?",reasoned contribution
"I seem to have offended people a lot by saying this, I did not realise the important of this 15 minutes of training. Maybe I will have to read this article and start reposting stuff on twitter.",banter
11 times…,conversational exchange
Spain are so good fuck,unsupported take
Hey we lost to them 4-2 few years back and look at us now.,reasoned contribution
Very underrated point,conversational exchange
"Again, didn't Piojo keep playing a lot of the old heads",conversational exchange
Messi goodbye match will be against Benin? Lol,banter
The article says Felix and Conceição also didn't train.,reasoned contribution
"Croatia are really treating this like a friendly if they are benching Vušković, Modrić, Baturina and Budimir, aren't they? 

Because otherwise starting Pongracić in an official game against this world champion Spain is certainly a choice...",reasoned contribution
They need to be completely stripped of all titles and banished for 9 years. There also needs to be a criminal investigation into the fraud. The City owners need to be jailed and the club forced into sale.,unsupported take
Tried a direct back heel lol,conversational exchange
They should get an additional punishment for showing no remorse after the verdict.,unsupported take
Izi Pizi,banter
"We all knew they were cheats. Every single one of us knew it, and yet it happened unimpeded for a decade.",unsupported take
Anyone have a stream link?  None are working for me,conversational exchange
"More like:

* Your friend owes you $100
* He has $10, so he asks you for $90
* He then gives you $100 and says he paid you back",reasoned contribution
"If this happened to City around 2020 Liverpool would have genuinely won like 3-4 in a row, Klopp wouldn’t have burned out",unsupported take
dude that shi is insulting. I wouldn't take that shit tbh,unsupported take
"If you look it up, he's uncovered way more. Football stuff is relatively unimportant",unsupported take
That was 2006 I think - definitely before 2009 as he was in that 2008 United team at least,reasoned contribution
"Lol, exactly. People either have short memories or are just too young. This was well known even at the time.",conversational exchange
"British press Eddie, best in the world.",banter
"In a word, yes",conversational exchange
Correct name xd,banter
"Please no.

Man fuck these Croats.

Not you Liva, I love you.",conversational exchange
"I feel we should sensationalise this, its the morally correct thing to do",unsupported take
Void all titles won since 2009. Ban them from the PL. 30 point reductions for 10 seasons each for the next 10 seasons they are playing at the top level.,unsupported take
"Pretty baffling how fraud at this scale can be managed for a decade. How hard can it be to trace where the money is coming from?

Guessing the funding was from a parent company of a parent company of a parent company and so on, ultimately run by the same owners as City",reasoned contribution
"Please take him out for the love god, these games are worth worth the injury risk",reasoned contribution
>the stadium lacked equipment he considered necessary,reasoned contribution
Pongracic gets bolked,conversational exchange
Also committing genocide in sudan.,reasoned contribution
Goal.,conversational exchange
He did it on purpose as he knew the title would have been taken away anyway. #respect,banter
"Not even remotely similar, it was a bunch of idiots in the vocal minority trying to justify playing and keeping him beyond his contract expiry. You just wanted to shoehorn Arsenal and Partey into the conversation.",reasoned contribution
It's funny because what are they gonna do exactly? Not sell us oil? Not let Brits go there on holiday? Basically BAE might lose a few contracts and a few smaller companies that we've never heard of. In exchange for protecting the biggest cultural export and soft power the country has.,reasoned contribution
"When they said in 2011/12 their revenue was the same as Man United should have been the major trigger

Let alone a few years later when they reported revenues equal to Real

Fucking £400m stadium rights when they were a tinpot piece of shit on the bottom of some kid’s Nike trainers",reasoned contribution
"Much like against Spain, this game is extremely open and swashbuckling. Will we become the new team for neutrals, regardless of results?",reasoned contribution
Pongračić that is such a stupid yellow,unsupported take
"Add in Dorgu is now injured, and MAz went off earlier, apparently Bruno has been playing with injury for a while? 

And Uefa going after Fifa, City being found guilty on all charges, Ireland and Israel, Costa Rica and Tunisas fall. 

This has been the most interesting International break in a long long time.",reasoned contribution
Fuck it. Arrest the lot of them and put them in prison for life without the possibility of parole.,unsupported take
"I mean, gasperini is italian why should he give a fuck about argentina at all?",reasoned contribution
If it happened the way City claims it happened it wouldn’t have needed to be. It would have been a transaction between the sponsor and the club not involving a related party. That’s my point.,reasoned contribution
Czechia playing dirty,unsupported take
Considering what Barcelona had to go through like letting Messi go and then players wanting to join but being unable due to financial problems... And Tebas always getting the flack from both sides... I understand his frustration.,reasoned contribution
This guy could go missing for 10 years and still show up at a Saudi-Iraq match lmao,banter
Ballon dor voting finished 3 days ago,reasoned contribution
They'll get up to something racist while there. Best to keep them away.,unsupported take
"Come on Yamine Lamal, score some more goals",conversational exchange
"This post has been removed by AutoModerator.

Your account must have at least some karma in r/soccer before you can submit links to the subreddit.

*I am a bot, and this action was performed automatically. Please [contact the moderators of this subreddit](/message/compose/?to=/r/soccer) if you have any questions or concerns.*",conversational exchange
They got out,conversational exchange
Wait till he gets to Laminated Camel,banter
You make a good argument. Mine was based on spurs and city both vying to break into UCL at the same time. Spurs took the spot back in 09-10 iirc. And then city took over and damped their progress. Hard to grow as a club when another has stepped into that place. But you're definitely right that united suffered a lot as well.,reasoned contribution
Rogue fax machine part 2 electric boogaloo,banter
"Step on Cubarsi, get carded.

Cubarsi steps on you, a nice chat with the ref.",reasoned contribution
"You can think that if you want, I just think that the whereabouts of a person for 15 minutes of a training session is really not important. 

I also think you probably misunderstood what I mean by “engage”, or you’re just angry and cynical",unsupported take
"too late, you better show up to court tomorrow. I already told my lawyer he's being replaced",banter
Probably not. I'm not defending Chelsea. I'm just saying how the two situations are different.,unsupported take
Ha! Gottem!,conversational exchange
Sakas finishing is so wank now,unsupported take
"Chelsea were allowed to sign pulisic for the summer.

We signed arda and vidal.

Atleti signed vitolo and loaned him to las palmas to circumvent the ban. 

Those punisjments are bs",reasoned contribution
r/soccercirclejerk business,banter
Yamal never wants to be subbed lol,conversational exchange
Only just turned it on and we're a man down a goal down. Off again.,conversational exchange
A 41 year old captain throwing a tantrum about not playing one match is quite embarrassing tbf,reasoned contribution
What a bunch of fucking clowns.,unsupported take
"**Mirrors / Alternative Angles**
  

*I am a bot, and this action was performed automatically. Please [contact the moderators of this subreddit](/message/compose/?to=/r/soccer) if you have any questions or concerns.*",conversational exchange
"there most definitely are not lol. I say that as a Madrid fan, just because some cr7 Instagram account from a 12 year old said it doesn't mean it's an actual sentiment. fábrica is great for us as a club but in terms of development there's still the dortmunds and Ajaxs of the world, even arsenal in the past decade.",reasoned contribution
What a dumb foul to make,unsupported take
"*Panic on the streets of Openshaw*

*Panic on the streets of Dubai*",banter
They need to do a Rangers: to the bottom of the pyramid,unsupported take
"Easy answer, publish all of this 'irrefutable' evidence.",unsupported take
"Spurs the most and by a long, long way. 

For a decade they fell just short of becoming a top 4 'big' club, and all the benefits that brings, from sponsorships to top players and mangers wanting to come, making it easier to get into UCL. 

Now we know that two of the clubs ahead of them were cheating the whole time. 

It should be a great British success story of doing it the right way, closing the gap, whilst prioritising beautiful attacking football, supporting the local community, and building up their stars.. on the back of a true home-grown hero (who'd never have left if Spurs had made it to 'big club' status).

I think Spurs are due most of that $900m as they were the club consistently missing out because of City. Not that they'll get much of it obv...",reasoned contribution
I’m sure once the punishment and everything is finalized the other clubs will get scrutiny placed on their books as well.,unsupported take
And they said romance is dead,banter
"We could all see it, claiming top of world revenues before seeing success, there were jokes about it, some people trying to defend that they earn more than man united after hardly any trophies. But it was always clear to anyone who just thought about it for a second",reasoned contribution
Always takes us 10 mins to get going,unsupported take
"It happens, Lamine/Barna were poor the whole WC, look at them now",reasoned contribution
fermin is a dawg,unsupported take
"Yamal trying to finally turn Romario's ""two goals then forcing a substitution"" into non-fiction",banter
Batman City > Man City,banter
Bros moving like Seth MacFarlane,banter
"""I don't think Manchester City are the same as Emmeline Pankhurst"" was a genuinely incredible moment",unsupported take
I wonder if you had to agree to a cavity search to become a volunteer or enter a stadium as a ticket holder!,conversational exchange
"Manchester City or AC Milan.... oooh, tough choice.",banter
"English soccer is more politics than anything. It's all about these over inflated egos and how they can be brought down to earth and play together. Not going to happen IMO. The US has a better shot than the UK. (well, 0.01% vs 0.001% :)",reasoned contribution
I still want to see them go after Henry. Arsenal fans will shit a brick (I'll just laugh).,unsupported take
He's really struggled the last few years to keep up with even moderately speedy players. I wish the best for him as I do for all former (and current) Arsenal footballers.,reasoned contribution
"A: CHELSEA, Roma, Bordeaux, Cluj

B: Internazionale, Werder Bremen, Panathinaikos, Anorthosis.

C: Barcelona, Sporting Lisbon, Basel, Shakhtar Donetsk.

D: LIVERPOOL, PSV Eindhoven, Marseille, Atletico Madrid. 

E (for Easiest): MANCHESTER UNITED, Villarreal, CELTIC, Aalborg.

F: Lyon, Bayern Munich, Steaua Bucharest, Fiorentina.

G: ARSENAL, Porto, Fenerbahce, Dynamo Kiev.

H: Real Madrid, Juventus, Zenit St Petersburg, Borisov Automobile and Tractor Electrical Equipment.

Club Defender of the Year: John Terry

Club Midfielder of the Year:  Frank Lampard

Fwd: C. Ronaldo

Well, that's a hell of a draw for Liverpool. You would fancy Arsenal, Chelsea and Manchester United to make it through their groups, though. And I'd say Celtic have a fair chance of progress, given they've beaten Manchester United at Parkhead recently, plus given Barcelona a good old rattle. The Torres matches will be great, though, and it's fantastic to see Borisov Automobile and Tractor Electrical Equipment playing against the grandest European Cup club of all in Real Madrid.",reasoned contribution
That guy had a couple of good matches. $~36 million is a bit much just for the transfer fee. Hell they could probably get Henry for that much.,reasoned contribution
His side just beat Man U. for the SuperCup.  So why would he want to leave.,reasoned contribution
I wish they'd show this on FSC.,conversational exchange
I wish Celtic could have played better,conversational exchange
I like the Rangers and Celtics. Just a casual fan of scottish soccer.,unsupported take
"Welcome everybody - We have a site and a logo!

I'll update the site in the future - it is a simple start for now.

- thank you",reasoned contribution
"Lol, just what I would have wanted on my team. An overpaid prima donna that smokes. Enjoy!",reasoned contribution
Wow! Crazy bidding wars. I think I'm in for a long painful 5+ years of Arsenal selling and ending up 3rd or 4th.,unsupported take
"Chief executive of Hydra Properties, Al-Fahim is reportedly 10 times richer than his counterpart at Chelsea, Roman Abramovich, and he has revealed there are plans to bring in a 'minimum 18' players to the club.

""Ronaldo has said he wants to play for the biggest club in the world, so we will see in January if he is serious,"" Al-Fahim said in *The Guardian*.",reasoned contribution
"So now we know where all that oil money is going. Just like on Chappelle's Show reparations day. In 50 years it will just be a desert again and life will be back to normal. When all you have is a dying commodity, you're fucked in the long run.",reasoned contribution
still not confirmed...he may have just 'left',unsupported take
"I agree, although some of these sandpeople start to understand that and are smart enough to put their oil-money in stable long term investments (e.g. Kuwait Investment Authority, 7% stake of Dailmer AG and 6 % Citibank, ...).",reasoned contribution
Good for him. Best of luck.,conversational exchange
"And as always, they are blaming ""the mafia"" for the violence.",reasoned contribution
"""Resigned""",banter
epic disaster...,unsupported take
I'm glad they are banned there is no room for violence and mischief in sports.,reasoned contribution
"It would seem that many people who have added an article to this soccer reddit were banned for 'spam'. 
I checked the 'banned' users articles and could see no reason why they have been banned for 'spam'.
\
I have unbanned them.",reasoned contribution
Video anyone?,conversational exchange
"http://www.youtube.com/watch?v=qv9_n6-j4js

sorry",reasoned contribution
"Fox Soccer Channel for The Prem, Italy- and GolTV is good for Spain and Germany.",reasoned contribution
"Espn only shows Uefa competitions. Euros, Champions League, Etc.....


Go to a bar around campus when a game you want to see is on and ask them to turn a tv to Satanta.",reasoned contribution
"Champions League match on ESPN today.
Man U vs Aalborg.",reasoned contribution
"They have this live show in Italy on broadcast TV that is not allowed to show the actual matches, so they point their cameras at their reporters in the press box at each venue who describe what happens.

At times, it can be almost as entertaining as watching the actual match. 

here is the goal

http://www.youtube.com/watch?v=4nj9Am6qN2A

amazing

And this is off the charts insane (from that same show but from last season):  http://www.youtube.com/watch?v=XBaTRO2Vp2w",reasoned contribution
"cough it is all on the internet streaming live matches, fox soccer channel and goltv /cough",reasoned contribution
lrn2internet,banter
that should be a classic ;-),banter
"I never saw that coming.

Newcastle is very close to riots.  Real close.

Am not joking.",reasoned contribution
Choke,conversational exchange
"No, not a choke. It happens too fast for thought.

He just isn't good enough.",reasoned contribution
Let them have him. He is washed up and a total detriment to most world class futbol teams. Go Inter!,unsupported take
Why does milan insist on becoming a retirement home? The average age of that team is like 30.,reasoned contribution
Everton went up 1-0 in the first half and then tried to close down Arsenal in the box- with hilarious results.,reasoned contribution
"Catenacio works great IF played intelligently.

Catenacio is pressure ALL OVER the field, not closing down the box, then quick counters based on intelligent pass before the opponent who was attacking can even realize what is happening.

English teams do NOT play catenacio - and the toffees did not.",reasoned contribution
Sounds to me like someone is bitter over the outcome lol.,unsupported take
"naw, am a neutral fan.

but i do usually go for the underdog.",reasoned contribution
"Um, yeah.  It's 3-0 Barca after only 22 minutes.  lol",conversational exchange
"Overage and out of shape, completly immobile and has a monster ego. Feel free to keep him. GO INTER!",reasoned contribution
"Goalkeeper: Iker Casillas (Spain/Real Madrid) 

Defenders: Sergio Ramos (Spain/Real Madrid); John Terry (England/Chelsea); Carles Puyol (Spain/ Barcelona); Rio Ferdinand (England/Manchester United) 

Midfielders: Steven Gerrard (England/Liverpool); Xavi (Spain/Barcelona); Kaka (Brazil/AC Milan). 

Forwards: Lionel Messi (Argentina/Barcelona); Fernando Torres (Spain/Liverpool); Cristiano Ronaldo (Portugal/Manchester United)",reasoned contribution
Dumb idea. Won't be surprised to see Argentina in failing to qualify. They need to tone down their admiration for Maradonna and get some realism.,unsupported take
agreed. will be a disaster,unsupported take
"The Argentinian soccer team is packed with tons of the best young players in the world, and some great experienced players. With Maradona to head the helm, this is looking like a great time to be an Argentinian soccer fan. If the guy can win a world cup and golden ball while coked out of his mind, than why the hate about him taking the coaching gig?",reasoned contribution
I have been to White Hart Lane (I'm an American).  It's not that bad.  I'm surprised they would do this now - given their problems and the current economic crisis.,reasoned contribution
I love a good free kick!,conversational exchange
"del piero has been on fire with his free kicks lately

the one from halfway line (almost :) comes to mind... vs. the russian team zenith i think?",reasoned contribution
we're absolutely desperate to increase gates though. There's something like a 3 year waiting list for a season ticket. and as a member i can tell you it's barely worth even trying to get tickets to most games. I was quoted £75 for a partially obscured view of a west ham match last time i tried. And recession or not. never under estimate how fanatical your average english football fan is. Even bottom of the league we're still selling out every match,reasoned contribution
"Surprising because even when they were really good I snatched a great seat last minute from their website (4th row halfway between the center line and the 18) for an FA Cup tie on a Saturday night.  Maybe because it was a replay?

I loved that atmosphere.  You don't get that here in the States anymore. NY Rangers home games (NHL) are the closest thing to it- and only when they are good (like they are this season).",reasoned contribution
Beware of 11 men dressed in numbered red devil clothing!!   :P,banter
"Celtic are one of the few teams that will give it right back to those hoodlums when they try to pull that chippy crap.

Too bad they got a lucky rebound and tied it late.",reasoned contribution
You obviously don't have a clue.,unsupported take
You're obviously angry.  That's understandable.,unsupported take
Angry at what? Again - you haven't a clue.,unsupported take
"If you don't think they're chippy, then you don't really understand football, do you?",unsupported take
Del Piero is honestly a legend. He is still the skipper for his team even though he is 33.,reasoned contribution
"Good, maybe that'll light a fire under their irons. 

United!",unsupported take
"It's a marathon, not a sprint",unsupported take
"I think that many were writing Utd off in the early part of last season - I wonder what happened after that? 

Oh . . . . . .  wait...",reasoned contribution
Thank goodness.  The Gunners were in need of something like this.,unsupported take
"As a spurs fan i found he often disappear from matches. We just put it down to the fact that he was sulking until he moved to Man U. But if he carries on doing that up there I think it'll be an issue. With Tevez on the bench, he's keeping a striker of too high a quality out of the starting line up for Sir Alex to put up with it for too long.",reasoned contribution
"word around the campfire is that Hargreaves is finished at United. 

If Xavi replaces him is another matter.",reasoned contribution
Yay Spurs.,conversational exchange
"He's only there because of Klinsmann.  

Fail part II in Germany for Landon.",reasoned contribution
...what...an...idiot.,unsupported take
"article doesn't mention Ronaldo being heckled or crying

downmodded",reasoned contribution
GO INTER!,conversational exchange
"its like the reverse of the world wars...he is going there to fail, rather than expand out...

forget it terrible analogy",banter
19-year old Slovakian striker Miroslav Stoch made his debut for Chelsea in the 81st minute.,reasoned contribution
how good is he?,conversational exchange
and it was sweeeeeeet :D,conversational exchange
"Any time Chelsea loses and Man U picks up some points, its a good day",unsupported take
"Played for 8 minutes, so it is hard to tell.  Lots of pace.",reasoned contribution
I'll always upmod a great goal,unsupported take
dear god...that was a missle,conversational exchange
Awesome goal.  I love Ligue 1.,conversational exchange
that was a Champions League game,reasoned contribution
He's still a tart,unsupported take
It was a league match from a month ago.  Nantes v. Marseille.  Neither are in the CL this year.,reasoned contribution
"Diver, whiner, cheater at penalty kicks.",unsupported take
I stand corrected. I thought I saw stars on the ball.,reasoned contribution
"I though it was Messi's turn this year. I'm sad this asshole won, he has no class.",unsupported take
"Marseille are in the champions league this year, but yes it was a league match.",reasoned contribution
Our trophy cabinet has more available space than our midfield.,banter
The transfer window is just our sporting director refreshing Wikipedia.,banter
Nice of the defenders to give him a guided tour of the penalty area.,banter
We have signed so many backup keepers we can field a starting eleven of them.,banter
The bus we parked has failed its MOT.,banter
He sent that penalty into next season.,banter
New tactic: concede early so we have more time to equalise.,banter
The medical room needs its own season ticket allocation.,banter
Our set-piece routine is apparently to surprise ourselves.,banter
This kit looks like the printer ran out of ink halfway through.,banter
"Put the crossbar on the payroll, it is doing all the defending.",banter
The commentator has said his name more often than he has touched the ball.,banter
Our clean sheet lasted shorter than the pre-match handshake.,banter
At this rate the corner flag is winning player of the month.,banter
We are collecting yellow cards like they come with loyalty points.,banter
The title race has become a brisk walk to the exit.,banter
Can we loan the manager to the commentary box?,banter
"New striker announcement: my nan, pending a medical.",banter
The VAR room is running on airport Wi-Fi.,banter
They have turned the six-yard box into a no-goals zone.,banter
"Our away form should qualify for air miles, not points.",banter
The opposition keeper could have brought a book.,banter
He is playing hide and seek and the midfield still has not found him.,banter
"Scouting report: has boots, sometimes uses them.",banter
That clearance has just landed in my garden.,banter
We are one sponsor away from renaming the club Spreadsheet FC.,banter
Preseason champions again. Put another star on the badge.,banter
Our attack is buffering.,banter
I ordered a counterattack and received a backpass.,banter
The fourth official needs a smaller board; we have run out of fit players.,banter
Someone tell the striker the goal is not a suggested destination.,banter
Our deadline-day signing is the friends we made refreshing the feed.,banter
The ball boy has completed more progressive passes than us.,banter
Second half plan: change the difficulty setting.,banter
They should announce our lineup as a missing persons appeal.,banter
The derby trophy is apparently custody of the shared group chat.,banter
He has given that ball a one-way ticket to the car park.,banter
We have unlocked the concede-from-our-own-corner achievement.,banter
This match is sponsored by the snooze button.,banter
Our striker is saving his goals for the testimonial.,banter
What time is kickoff in the UK?,conversational exchange
Anyone got the confirmed lineups yet?,conversational exchange
Is this the first leg or the second?,conversational exchange
Which channel has the match tonight?,conversational exchange
Does anyone have a radio commentary link?,conversational exchange
Who came on for the injured left back?,conversational exchange
How many minutes of added time did they give?,conversational exchange
Can someone explain what the referee signalled there?,conversational exchange
Are away goals still used in this competition?,conversational exchange
Where can I find the full interview?,conversational exchange
Has the squad for the international break been announced?,conversational exchange
Is the draw before or after the late match?,conversational exchange
Anyone know when tickets go on sale?,conversational exchange
Was that ruled offside or given as a foul?,conversational exchange
What number is the academy lad wearing?,conversational exchange
Can you link the article you are referring to?,conversational exchange
"Oh right, I had the teams the wrong way round.",conversational exchange
"Thanks, that was the clip I was looking for.",conversational exchange
"Fair enough, I see what you mean now.",conversational exchange
"Yep, same here.",conversational exchange
Cheers for posting the lineup.,conversational exchange
"Ah, missed your earlier reply. Got it.",conversational exchange
"Sorry, I meant the home game.",conversational exchange
"That answers my question, thanks.",conversational exchange
I am talking about the other semifinal.,conversational exchange
Just tuned in. What did I miss?,conversational exchange
GOOOOAL!,conversational exchange
Off the post again!,conversational exchange
And there goes the halftime whistle.,conversational exchange
Keeper has come up for the corner.,conversational exchange
They are checking it on VAR now.,conversational exchange
Double substitution coming.,conversational exchange
"Wait, the flag is up.",conversational exchange
Penalty! Oh my god.,conversational exchange
Back underway at last.,conversational exchange
The away end is bouncing right now.,conversational exchange
"Finally, the stream is working.",conversational exchange
"Come on lads, one more!",conversational exchange
I cannot watch these last few minutes.,conversational exchange
Full time. See you in the next match thread.,conversational exchange
